,avg_sentencelength,avg_tokenlength,no_sentences,no_tokenchars,no_tokens,no_types,ttr,yuleK
Leblanc_1920=rp141,13.381592255454414,4.2761353575053445,6921.0,396030.0,92614.0,9530.0,0.10290020947157018,0.06960640191425323
