,no_sentences,no_types,no_tokens,no_tokenchars,avg_tokenlength,avg_sentencelength,ttr,yuleK
Leroux_1923=rp055,3717.0,7720.0,67456.0,283423.0,4.201598078747628,18.14796879203659,0.1144449715370019,0.0672097922738983
Leblanc_1927=rp145,5056.0,8257.0,67150.0,289425.0,4.310126582278481,13.28125,0.12296351451973195,0.0721771209365015
Leroux_1917=rp047,4763.0,9209.0,89500.0,381203.0,4.259251396648045,18.790678144026874,0.10289385474860335,0.07143246964826316
Leroux_1925=rp056,5912.0,8041.0,85289.0,360711.0,4.229279273997819,14.426420838971584,0.0942794498704405,0.0669101283038898
Leblanc_1909=rp037,7652.0,8138.0,64561.0,279670.0,4.331872182896795,8.4371406168322,0.1260513312990815,0.07302416468365784
Leroux_1910=rp129,14380.0,12966.0,217409.0,924710.0,4.253319779769927,15.11884561891516,0.05963874540612394,0.07059803088239262
Leblanc_1935=rp039,4258.0,6506.0,52773.0,224029.0,4.245144297273227,12.393846876467824,0.12328273927955584,0.07072362676735938
Leblanc_1920=rp141,6921.0,9530.0,92614.0,396030.0,4.2761353575053445,13.381592255454414,0.10290020947157018,0.06960640191425323
